,domain,ip,asn_num,country,asn_org,path
0,aice-interpretes.com,89.140.72.171,6739,ES,ONO-AS Cableuropa - ONO,/es/consejos-sonidos-eventos-traductores.php
1,aice-interpretes.com,89.140.72.171,6739,ES,ONO-AS Cableuropa - ONO,/es/contacto-interpretes-traductores-de-conferencia-aice.php
2,aice-interpretes.com,89.140.72.171,6739,ES,ONO-AS Cableuropa - ONO,/es/contratar-interprete-de-conferencia-aice.php
3,aice-interpretes.com,89.140.72.171,6739,ES,ONO-AS Cableuropa - ONO,/es/enlace-1-traductor-interprete.php
4,aice-interpretes.com,89.140.72.171,6739,ES,ONO-AS Cableuropa - ONO,/es/enlace-6-traductor-interprete.php
5,aice-interpretes.com,89.140.72.171,6739,ES,ONO-AS Cableuropa - ONO,/es/equipo-tecnico-eventos-traductores.php
6,aice-interpretes.com,89.140.72.171,6739,ES,ONO-AS Cableuropa - ONO,/es/estudiar-grado-traductor-interprete.php
7,aice-interpretes.com,89.140.72.171,6739,ES,ONO-AS Cableuropa - ONO,/es/estudiar-interpretacion.php
8,aice-interpretes.com,89.140.72.171,6739,ES,ONO-AS Cableuropa - ONO,/es/estudiar-postgrado-traductor-interprete.php
9,aice-interpretes.com,89.140.72.171,6739,ES,ONO-AS Cableuropa - ONO,/es/experiencia-especializacion.php
